{"_links": {"self": {"href": "bold", "title": "bold"}, "parent": {"href": "/", "title": "home"}}, "_meta": {"max_results": 25, "page": 1, "total": 2}, "_items": [{"fwhm_avg": 3.31762, "spacing_z": 1.0, "summary_bg_mean": 5.442507743835449, "summary_fg_p95": 13.0, "spacing_y": 1.0, "size_t": 0.11, "spacing_tr": 0.13, "dvars_std": 0.04, "tsnr": 0.35, "summary_bg_k": 6.201612337416636, "fwhm_y": 3.5, "summary_fg_mean": 5.442507743835449, "spacing_x": 1.0, "_id": "592c46c19a4cd300071170ff", "modality": "bold", "fd_num": 0.07, "size_y": 256.0, "_links": {"self": {"href": "bold/592c46c19a4cd300071170ff", "title": "bold"}}, "aor": 0.01, "summary_fg_stdv": 4.229434490203857, "fd_mean": 0.06, "_created": "Mon, 29 May 2017 16:05:21 GMT", "fwhm_x": 3.34779, "summary_bg_p05": 0.0, "fber": 32.17710876464844, "fwhm_z": 3.11641, "dvars_vstd": 0.05, "gsr_y": 0.1, "snr": 0.12, "summary_fg_p05": 0.0, "efc": 0.5185985281257072, "fd_perc": 0.08, "dvars_nstd": 0.03, "task_id": "1", "_etag": "39be1fa96b65e9759d8aec85f7ec2cc97ffed58e", "aqi": 0.02, "size_x": 176.0, "summary_fg_k": 6.201612337416636, "summary_bg_p95": 13.0, "gcor": 0.08, "gsr_x": 0.09, "size_z": 256.0, "_updated": "Mon, 29 May 2017 16:05:21 GMT", "summary_bg_stdv": 4.229434490203857}, {"fwhm_avg": 3.31762, "spacing_z": 1.0, "summary_bg_mean": 5.442507743835449, "summary_fg_p95": 13.0, "spacing_y": 1.0, "size_t": 0.11, "spacing_tr": 0.13, "dvars_std": 0.04, "tsnr": 0.35, "summary_bg_k": 6.201612337416636, "fwhm_y": 3.5, "summary_fg_mean": 5.442507743835449, "spacing_x": 1.0, "_id": "592c48979a4cd3000821d75f", "modality": "bold", "fd_num": 0.07, "size_y": 256.0, "_links": {"self": {"href": "bold/592c48979a4cd3000821d75f", "title": "bold"}}, "aor": 0.02, "summary_fg_stdv": 4.229434490203857, "fd_mean": 0.06, "_created": "Mon, 29 May 2017 16:13:11 GMT", "fwhm_x": 3.34779, "summary_bg_p05": 0.0, "fber": 32.17710876464844, "fwhm_z": 3.11641, "dvars_vstd": 0.05, "gsr_y": 0.1, "snr": 0.12, "summary_fg_p05": 0.0, "efc": 0.5185985281257072, "fd_perc": 0.08, "dvars_nstd": 0.03, "task_id": "1", "_etag": "be8661c43883065bd03fed3ce2ad92d4fb381488", "aqi": 0.02, "size_x": 176.0, "summary_fg_k": 6.201612337416636, "summary_bg_p95": 13.0, "gcor": 0.08, "gsr_x": 0.09, "size_z": 256.0, "_updated": "Mon, 29 May 2017 16:13:11 GMT", "summary_bg_stdv": 4.229434490203857}]}
